image_id,dataset,best_measured_fast_method,best_measured_fast_psnr,menon_psnr,menon_gain_vs_final_fast_db
kodak/kodim01.png,kodak,malvar,29.0656871706,32.3138695612,3.2481823906
kodak/kodim02.png,kodak,cdiff,32.7540369165,31.1267901239,-1.6272467926
kodak/kodim03.png,kodak,malvar,33.480327596,34.2324767215,0.7521491255
kodak/kodim04.png,kodak,cdiff,33.769191347,32.4312355257,-1.3379558213
kodak/kodim05.png,kodak,malvar,28.8962858278,31.6411059501,2.7448201223
kodak/kodim06.png,kodak,malvar,29.8439324444,32.706695982,2.8627635376
kodak/kodim07.png,kodak,malvar,33.9571092627,35.0696626447,1.112553382
kodak/kodim08.png,kodak,malvar,25.785545014,31.5883860297,5.8028410157
kodak/kodim09.png,kodak,malvar,35.0442783607,38.7409972799,3.6967189192
kodak/kodim10.png,kodak,malvar,35.3794517466,38.9915464337,3.6120946871
kodak/kodim11.png,kodak,malvar,31.3018138558,33.6427062442,2.3408923884
kodak/kodim12.png,kodak,malvar,35.2176432283,39.0220710866,3.8044278583
kodak/kodim13.png,kodak,malvar,26.0553557362,28.3198191451,2.2644634089
kodak/kodim14.png,kodak,malvar,29.747495951,30.8037440673,1.0562481163
kodak/kodim15.png,kodak,malvar,31.1793956607,32.9177646936,1.7383690329
kodak/kodim16.png,kodak,malvar,33.831928499,38.8235223066,4.9915938076
kodak/kodim17.png,kodak,malvar,34.2417462206,36.3944295723,2.1526833517
kodak/kodim18.png,kodak,malvar,29.4282065374,30.1060130823,0.6778065449
kodak/kodim19.png,kodak,malvar,30.202343586,32.5313599745,2.3290163885
kodak/kodim20.png,kodak,malvar,32.9026235951,34.6243091874,1.7216855923
kodak/kodim21.png,kodak,malvar,30.5543053674,33.0094435272,2.4551381598
kodak/kodim22.png,kodak,malvar,31.5772498556,32.9082382791,1.3309884235
kodak/kodim23.png,kodak,malvar,33.8016847994,33.9997252149,0.1980404155
kodak/kodim24.png,kodak,malvar,29.2798591788,31.0803177755,1.8004585967
mcm/1.tif,mcm,bilinear,26.5406777278,23.5117308996,-3.0289468282
mcm/2.tif,mcm,cdiff,30.4060281768,29.7099887794,-0.6960393974
mcm/3.tif,mcm,malvar,28.3465122928,29.2717345308,0.925222238
mcm/4.tif,mcm,malvar,29.81432595,33.0696175476,3.2552915976
mcm/5.tif,mcm,cdiff,31.3939944102,30.2655037068,-1.1284907034
mcm/6.tif,mcm,bilinear,35.4460162148,30.6866289918,-4.759387223
mcm/7.tif,mcm,malvar,32.8640263394,35.0976689759,2.2336426365
mcm/8.tif,mcm,malvar,32.6419281462,34.2640772954,1.6221491492
mcm/9.tif,mcm,cdiff,31.8598327402,29.7593485265,-2.1004842137
mcm/10.tif,mcm,bilinear,34.6484277227,31.0848327333,-3.5635949894
mcm/11.tif,mcm,bilinear,35.8543153224,31.187884419,-4.6664309034
mcm/12.tif,mcm,cdiff,32.4251497972,32.5428475944,0.1176977972
mcm/13.tif,mcm,cdiff,36.7928016654,35.5340558128,-1.2587458526
mcm/14.tif,mcm,bilinear,35.4721978485,32.5698255074,-2.9023723411
mcm/15.tif,mcm,bilinear,35.8607676416,32.026942063,-3.8338255786
mcm/16.tif,mcm,bilinear,30.3232187381,23.7375651721,-6.585653566
mcm/17.tif,mcm,bilinear,31.6641695189,25.2854014374,-6.3787680815
mcm/18.tif,mcm,bilinear,28.5315785449,28.2092028817,-0.3223756632
bsd100/img_002.png,bsd100,malvar,30.7515864559,31.8140298923,1.0624434364
bsd100/img_003.png,bsd100,malvar,29.3565910788,32.441407543,3.0848164642
bsd100/img_004.png,bsd100,malvar,35.1015337059,39.4646460506,4.3631123447
bsd100/img_012.png,bsd100,cdiff,31.2760448726,31.3330411623,0.0569962897
bsd100/img_013.png,bsd100,malvar,37.1232668523,40.7091645155,3.5858976632
bsd100/img_015.png,bsd100,malvar,29.001797825,30.938771357,1.936973532
bsd100/img_017.png,bsd100,malvar,36.9661766646,38.9851331325,2.0189564679
bsd100/img_019.png,bsd100,malvar,28.5372368714,30.0677842051,1.5305473337
bsd100/img_027.png,bsd100,malvar,30.6288523987,32.1777398278,1.5488874291
bsd100/img_028.png,bsd100,malvar,32.8405470404,34.2481031667,1.4075561263
bsd100/img_030.png,bsd100,malvar,23.7400041714,26.0140191101,2.2740149387
bsd100/img_037.png,bsd100,malvar,31.7958510077,32.8206620147,1.024811007
bsd100/img_040.png,bsd100,malvar,33.8298729167,36.7154221581,2.8855492414
bsd100/img_043.png,bsd100,malvar,29.8896059103,33.4482079147,3.5586020044
bsd100/img_047.png,bsd100,malvar,26.7283676202,28.716717455,1.9883498348
bsd100/img_048.png,bsd100,malvar,29.0464202422,31.1072509222,2.06083068
bsd100/img_054.png,bsd100,malvar,33.9687472262,33.7095266694,-0.2592205568
bsd100/img_061.png,bsd100,malvar,33.261543447,33.7741167867,0.5125733397
bsd100/img_081.png,bsd100,malvar,36.2541809412,36.6704270135,0.4162460723
bsd100/img_095.png,bsd100,malvar,28.1285194494,30.7843189944,2.655799545
urban100/img_001.png,urban100,malvar,30.4773035998,33.2551669558,2.777863356
urban100/img_004.png,urban100,malvar,26.745034654,29.7598413069,3.0148066529
urban100/img_008.png,urban100,malvar,25.0289706391,26.4070048714,1.3780342323
urban100/img_012.png,urban100,cdiff,24.9265755595,23.4432426204,-1.4833329391
urban100/img_013.png,urban100,bilinear,27.4740805533,24.4150789008,-3.0590016525
urban100/img_014.png,urban100,malvar,27.947848793,31.7499392691,3.8020904761
urban100/img_017.png,urban100,malvar,26.7472415213,28.0616037995,1.3143622782
urban100/img_019.png,urban100,malvar,23.7303390823,24.7643536666,1.0340145843
urban100/img_021.png,urban100,malvar,31.9598193716,34.4749674581,2.5151480865
urban100/img_026.png,urban100,malvar,30.9043741125,33.833398041,2.9290239285
urban100/img_034.png,urban100,cdiff,24.3638695697,24.7233554204,0.3594858507
urban100/img_042.png,urban100,malvar,29.7841283805,36.6208254005,6.83669702
urban100/img_047.png,urban100,malvar,25.7656719162,28.2915629455,2.5258910293
urban100/img_061.png,urban100,malvar,26.5570944822,27.0206453375,0.4635508553
urban100/img_066.png,urban100,malvar,27.2901553589,33.3079948257,6.0178394668
urban100/img_081.png,urban100,bilinear,26.4469662143,23.1649984825,-3.2819677318
urban100/img_085.png,urban100,malvar,28.1807245807,28.8916382304,0.7109136497
urban100/img_092.png,urban100,malvar,25.1399841049,29.7164422635,4.5764581586
