image_id,downloaded_sha256,width,height
mcm/1.tif,bcd4625afae223d5d3f584a06ddfd31efa49b6b5109c8b30da641473b570ad52,500,500
mcm/2.tif,a10ab6554b87af3ef9b042123345e4ca40201db9a3595ba12de90db91c4768ad,500,500
mcm/3.tif,28cf21bbce11fc4e6b912430ff37ed3e80b4a514bb103c07b9b7ea2ea1e9ffad,500,500
mcm/4.tif,65b3e43209617cd2c359c03cae88a214c237cf29a2d874f904c2e9d69f90dd82,500,500
mcm/5.tif,1e5066dcc3a5ed94d54d3f2976c08a01953b3a29642ddb959def635c0e3ab9f6,500,500
mcm/6.tif,58ba584574f603fa0e174ce2544afb8e9a3f93f174e05462f2737921eafb1d46,500,500
mcm/7.tif,df66d86b3e1c33c65084c5607c650de207a062b4f23c8eed331cacb17dd82779,500,500
mcm/8.tif,fd873cad65ab0680c393dd30f400506aa09cffb90df2e82589dd128ec2e84487,500,500
mcm/9.tif,8b274e2745ed5249c72f884a190bde06901d88a0f162ec40bb23899e8ef9531a,500,500
kodak/kodim13.png,bc34a3ce58dea09dce1704c997171602de90cb34d0c8503a988b77f473d39b08,768,512
kodak/kodim14.png,55a94550ff18f3246c4074fd32b77b0c74447c26b6ad274d564d999c0450ba6e,768,512
kodak/kodim15.png,7538cbb80cb9103606c48b806eae57d56c885c7f90b9b3be70a41160f9cbb683,768,512
kodak/kodim16.png,a89c7268ccd4718ba424a99fc4643c572cf692ca6eae887185ceb4e9f11d2e54,768,512
kodak/kodim17.png,37afcc89fbdcb76d9518e04b2fc011027e2f4cd14b3b2f83cefd721641a47c5b,512,768
kodak/kodim18.png,1a9258c365988961d87a0598725b609139c303ad48a5aad6c503c3b1a87849aa,512,768
kodak/kodim19.png,b7450b264b1b0a411390d8931b112c27905a992520fc90569dc4b920aa32bbdc,512,768
kodak/kodim20.png,3b46c71e3b92a563820ba32936be8330c586c41f938efd94be938386aae4328a,768,512
kodak/kodim21.png,ac958597c82073f6bb65129c68f72b651db5b9efd82e11547d07350214bc268b,768,512
kodak/kodim22.png,1cee58eb1f2d9c7ebb254d208a03c783ce6cf2c4d8c2cf45e235dd23b4ce1b29,768,512
kodak/kodim23.png,e3111a2fd4da24af15d6459ef9eacfe54106b38e27b4a21821b75c3f5d2d5baf,768,512
kodak/kodim24.png,1071c68372cc5a01435c2c225a5cf7d4bb803846ec08bb6b3d6721b156d7cb96,768,512
kodak/kodim01.png,a56e27cbf5f843c048b6af1d6e090760e9c92fadba88b7dee0205918a37523bd,768,512
kodak/kodim02.png,4f4b74a79237e311d72cad958237b5f7088d8bce1c82305ebefe1a70e3022dfd,768,512
kodak/kodim03.png,e25ca1ff2f0c0cb5fdfd5f9b0a0bb21ac4c3de3c84a67f35b09a85d3306249db,768,512
kodak/kodim04.png,e3b946107c5d3441c022f678d0c3caf1e224d81b1604ba840a4f88e562de61aa,512,768
kodak/kodim05.png,10349e963c5c813d327852f82c1795fa4148d69fedffc4c589bee458e3ac3d53,768,512
kodak/kodim06.png,363510303b715d4cbc384e1ce227e466b613a09e1b71ae985882bf8e7fbd9b18,768,512
kodak/kodim07.png,b77d3f006f42414bb242222e0482e750c0fb9e5ee8d4bed2f6f11c5605fe54a4,768,512
kodak/kodim08.png,ba23983c76b4832ee0e8af0592664756841a16779acd69f792e268fb6d13d6e7,768,512
kodak/kodim09.png,6a4361c2fc194feb4edaa9f9a4a0620fb9943e460ac7fdf037fb0f6dd6607a7d,512,768
kodak/kodim10.png,9dfb70f5867c29ff9ed6313683f19b3d867849e40fbc0c4c54a4a89df341cf23,512,768
kodak/kodim11.png,7936814b58b5387fce2e4e2488b4ec830dadd95fa9520f358ddb30990b50f2b6,768,512
kodak/kodim12.png,d78c37c2f04f23761ed2367dd77e2db584ddd4c3950833fecf89f199a8126980,768,512
mcm/10.tif,9b9c1d3f31d6771fd02164bb00f96bcfef8cb7159288e6ad5a638e0ca5119ec2,500,500
mcm/11.tif,933d28336dcf3a60f306de2c1b30ba31e08679ebd0f45e4c34dec12682d456a4,500,500
mcm/12.tif,802b2fcf6c8f9e1455042ee973966110704b035b24c8fd431babceca56ebdbf2,500,500
mcm/13.tif,944a604d609aab0e90596fa1e75a6f0ce2040fc01dc37b0a536ff685b25f0991,500,500
mcm/14.tif,e0825be5f3095ce352cfb90b926e98aa5fddd2618f73910c3b2e23cf2e086860,500,500
mcm/15.tif,a0f65704a820f0c9431e81a357d1ad0a8998e93f238f2f81827963286dc8cfe7,500,500
mcm/16.tif,8927c35e1b331ad71479fe5a15624ee06eec7c44e635c3f82d74cc6adffc5602,500,500
mcm/17.tif,dae258efd7a6fc34717fa423a784771dda5f5bdd20b29874029077e6d54aebe9,500,500
mcm/18.tif,450fd784e1c042ade47e8efc9be378b85d4ed3efbb3209ee93e5a633a54f24e2,500,500
