image_id,method,height,width,sample_1_ms,sample_2_ms,sample_3_ms,within_pair_median_ms
bsd100/img_002.png,nearest,480,320,7.792882,7.185388,5.000534,7.185388
bsd100/img_002.png,bilinear,480,320,18.110761,19.094438,20.632881,19.094438
bsd100/img_002.png,cdiff,480,320,32.273399,37.877172,33.490331,33.490331
bsd100/img_002.png,malvar,480,320,17.662856,17.294016,14.977386,17.294016
bsd100/img_002.png,alleysson,480,320,74.65285,72.08988,71.133683,72.08988
bsd100/img_002.png,menon,480,320,62.769839,59.968272,56.822491,59.968272
bsd100/img_003.png,nearest,480,320,4.691356,5.870293,5.280194,5.280194
bsd100/img_003.png,bilinear,480,320,17.195503,17.372393,18.709294,17.372393
bsd100/img_003.png,cdiff,480,320,32.710477,34.765313,36.821379,34.765313
bsd100/img_003.png,malvar,480,320,13.495852,14.256529,20.001353,14.256529
bsd100/img_003.png,alleysson,480,320,100.74194,84.196135,88.220043,88.220043
bsd100/img_003.png,menon,480,320,65.735789,60.447914,62.414739,62.414739
bsd100/img_004.png,nearest,320,480,5.519744,5.861922,5.110445,5.519744
bsd100/img_004.png,bilinear,320,480,20.081058,18.113912,20.439158,20.081058
bsd100/img_004.png,cdiff,320,480,31.969889,35.534476,42.535818,35.534476
bsd100/img_004.png,malvar,320,480,14.171814,16.0235,13.8599,14.171814
bsd100/img_004.png,alleysson,320,480,97.6451,96.287686,86.177325,96.287686
bsd100/img_004.png,menon,320,480,59.984182,56.137289,57.497656,57.497656
bsd100/img_012.png,nearest,320,480,5.262165,5.956134,4.909587,5.262165
bsd100/img_012.png,bilinear,320,480,18.367163,18.975252,18.389165,18.389165
bsd100/img_012.png,cdiff,320,480,33.661875,33.345396,33.401824,33.401824
bsd100/img_012.png,malvar,320,480,17.139053,15.023532,15.747612,15.747612
bsd100/img_012.png,alleysson,320,480,73.532583,74.888986,72.39667,73.532583
bsd100/img_012.png,menon,320,480,63.164032,57.369597,57.307609,57.369597
bsd100/img_013.png,nearest,320,480,5.246837,5.767381,4.909443,5.246837
bsd100/img_013.png,bilinear,320,480,17.252744,18.409515,19.179853,18.409515
bsd100/img_013.png,cdiff,320,480,33.246586,34.38874,33.75244,33.75244
bsd100/img_013.png,malvar,320,480,13.181992,16.655099,14.107628,14.107628
bsd100/img_013.png,alleysson,320,480,78.541962,71.889884,74.546705,74.546705
bsd100/img_013.png,menon,320,480,57.263033,53.099877,52.921772,53.099877
bsd100/img_015.png,nearest,320,480,4.581437,5.373778,4.237947,4.581437
bsd100/img_015.png,bilinear,320,480,16.917809,17.433386,22.768442,17.433386
bsd100/img_015.png,cdiff,320,480,30.988648,31.516841,31.364747,31.364747
bsd100/img_015.png,malvar,320,480,17.717311,14.667944,16.336117,16.336117
bsd100/img_015.png,alleysson,320,480,73.956982,73.501642,77.34125,73.956982
bsd100/img_015.png,menon,320,480,57.633399,58.653439,55.481469,57.633399
bsd100/img_017.png,nearest,320,480,5.097566,5.963829,4.950529,5.097566
bsd100/img_017.png,bilinear,320,480,18.360958,18.766593,21.782241,18.766593
bsd100/img_017.png,cdiff,320,480,32.109843,39.715358,36.445266,36.445266
bsd100/img_017.png,malvar,320,480,14.884576,17.808676,14.724104,14.884576
bsd100/img_017.png,alleysson,320,480,81.908558,73.995791,80.584032,80.584032
bsd100/img_017.png,menon,320,480,64.662538,60.855706,62.136348,62.136348
bsd100/img_019.png,nearest,320,480,4.945181,5.404454,4.706448,4.945181
bsd100/img_019.png,bilinear,320,480,17.619459,20.285913,22.77855,20.285913
bsd100/img_019.png,cdiff,320,480,39.291715,40.886079,44.844418,40.886079
bsd100/img_019.png,malvar,320,480,22.402686,15.946002,15.302787,15.946002
bsd100/img_019.png,alleysson,320,480,76.032889,108.501202,107.683554,107.683554
bsd100/img_019.png,menon,320,480,79.958868,85.023823,65.534341,79.958868
bsd100/img_027.png,nearest,320,480,6.097241,6.774073,5.026432,6.097241
bsd100/img_027.png,bilinear,320,480,17.030012,17.746274,19.540667,17.746274
bsd100/img_027.png,cdiff,320,480,32.815643,33.992691,32.381515,32.815643
bsd100/img_027.png,malvar,320,480,13.714387,18.944317,14.144303,14.144303
bsd100/img_027.png,alleysson,320,480,78.181029,71.423061,75.213319,75.213319
bsd100/img_027.png,menon,320,480,61.315342,64.759346,60.027519,61.315342
bsd100/img_028.png,nearest,320,480,4.474614,5.557404,4.941719,4.941719
bsd100/img_028.png,bilinear,320,480,17.343089,18.237811,18.995225,18.237811
bsd100/img_028.png,cdiff,320,480,32.05012,33.712636,34.143272,33.712636
bsd100/img_028.png,malvar,320,480,16.702289,13.339659,14.768201,14.768201
bsd100/img_028.png,alleysson,320,480,99.395105,74.797988,74.057593,74.797988
bsd100/img_028.png,menon,320,480,62.587652,58.992143,56.623666,58.992143
bsd100/img_030.png,nearest,480,320,4.649567,5.346948,4.734641,4.734641
bsd100/img_030.png,bilinear,480,320,17.222527,18.583987,17.97197,17.97197
bsd100/img_030.png,cdiff,480,320,34.496022,36.442901,32.073993,34.496022
bsd100/img_030.png,malvar,480,320,12.609638,16.338982,14.514336,14.514336
bsd100/img_030.png,alleysson,480,320,93.000851,101.88971,76.891162,93.000851
bsd100/img_030.png,menon,480,320,62.506487,56.807858,60.962602,60.962602
bsd100/img_037.png,nearest,320,480,6.616582,5.59942,4.566468,5.59942
bsd100/img_037.png,bilinear,320,480,17.465583,18.404077,18.173878,18.173878
bsd100/img_037.png,cdiff,320,480,32.765174,35.296561,34.063834,34.063834
bsd100/img_037.png,malvar,320,480,18.878345,14.720433,14.902544,14.902544
bsd100/img_037.png,alleysson,320,480,71.847041,73.470627,75.852757,73.470627
bsd100/img_037.png,menon,320,480,57.21715,56.836182,56.941141,56.941141
bsd100/img_040.png,nearest,480,320,4.572471,5.618383,6.482052,5.618383
bsd100/img_040.png,bilinear,480,320,17.396218,18.427148,24.406637,18.427148
bsd100/img_040.png,cdiff,480,320,38.71888,34.758358,35.953354,35.953354
bsd100/img_040.png,malvar,480,320,16.484665,17.935336,16.037648,16.484665
bsd100/img_040.png,alleysson,480,320,121.197849,94.176565,80.91167,94.176565
bsd100/img_040.png,menon,480,320,65.420064,57.825725,60.944049,60.944049
bsd100/img_043.png,nearest,320,480,5.316485,5.531041,4.79828,5.316485
bsd100/img_043.png,bilinear,320,480,19.099246,20.830903,21.655878,20.830903
bsd100/img_043.png,cdiff,320,480,45.641158,49.118467,54.727118,49.118467
bsd100/img_043.png,malvar,320,480,19.493412,20.027182,27.311143,20.027182
bsd100/img_043.png,alleysson,320,480,88.676896,79.191707,73.606313,79.191707
bsd100/img_043.png,menon,320,480,63.010119,57.184157,58.943467,58.943467
bsd100/img_047.png,nearest,320,480,5.847446,6.351,5.309218,5.847446
bsd100/img_047.png,bilinear,320,480,19.101337,18.98613,18.901068,18.98613
bsd100/img_047.png,cdiff,320,480,32.619862,35.912535,34.002173,34.002173
bsd100/img_047.png,malvar,320,480,15.576198,18.11148,14.748056,15.576198
bsd100/img_047.png,alleysson,320,480,76.33033,75.447796,72.604557,75.447796
bsd100/img_047.png,menon,320,480,63.331201,70.509268,72.11353,70.509268
bsd100/img_048.png,nearest,320,480,6.090178,6.238554,7.635523,6.238554
bsd100/img_048.png,bilinear,320,480,26.810714,18.334249,18.905566,18.905566
bsd100/img_048.png,cdiff,320,480,33.31675,34.166826,33.365664,33.365664
bsd100/img_048.png,malvar,320,480,20.041981,16.688099,15.209518,16.688099
bsd100/img_048.png,alleysson,320,480,77.409628,77.471474,83.761907,77.471474
bsd100/img_048.png,menon,320,480,62.045788,53.288908,56.029939,56.029939
bsd100/img_054.png,nearest,320,480,4.770819,5.536585,4.873628,4.873628
bsd100/img_054.png,bilinear,320,480,17.627747,18.253955,18.404663,18.253955
bsd100/img_054.png,cdiff,320,480,35.242348,33.682204,32.19903,33.682204
bsd100/img_054.png,malvar,320,480,14.094614,18.859018,15.517292,15.517292
bsd100/img_054.png,alleysson,320,480,81.479649,76.3389,76.445232,76.445232
bsd100/img_054.png,menon,320,480,60.170536,52.738027,51.481478,52.738027
bsd100/img_061.png,nearest,320,480,6.171687,5.937765,4.572764,5.937765
bsd100/img_061.png,bilinear,320,480,17.717619,17.004049,21.929859,17.717619
bsd100/img_061.png,cdiff,320,480,39.680362,33.50836,54.967976,39.680362
bsd100/img_061.png,malvar,320,480,17.074622,13.422993,14.811464,14.811464
bsd100/img_061.png,alleysson,320,480,79.34474,72.431313,71.892127,72.431313
bsd100/img_061.png,menon,320,480,55.916178,54.775417,57.513383,55.916178
bsd100/img_081.png,nearest,320,480,4.991275,5.506171,4.34736,4.991275
bsd100/img_081.png,bilinear,320,480,19.785993,17.860408,18.18936,18.18936
bsd100/img_081.png,cdiff,320,480,32.495218,35.551768,33.995378,33.995378
bsd100/img_081.png,malvar,320,480,14.364572,17.497687,16.98086,16.98086
bsd100/img_081.png,alleysson,320,480,75.402444,73.164782,73.645083,73.645083
bsd100/img_081.png,menon,320,480,56.697152,52.165264,53.820347,53.820347
bsd100/img_095.png,nearest,480,320,5.066901,5.722103,4.690141,5.066901
bsd100/img_095.png,bilinear,480,320,17.339772,18.894464,18.073138,18.073138
bsd100/img_095.png,cdiff,480,320,30.728296,32.644681,32.021286,32.021286
bsd100/img_095.png,malvar,480,320,17.211996,13.598667,14.500592,14.500592
bsd100/img_095.png,alleysson,480,320,71.631967,72.413823,74.049203,72.413823
bsd100/img_095.png,menon,480,320,69.337016,66.669889,73.45129,69.337016
urban100/img_001.png,nearest,322,512,6.566371,7.370163,7.94602,7.370163
urban100/img_001.png,bilinear,322,512,22.268595,22.729433,26.095389,22.729433
urban100/img_001.png,cdiff,322,512,41.458588,38.54917,36.140728,38.54917
urban100/img_001.png,malvar,322,512,16.471162,17.964637,15.213327,16.471162
urban100/img_001.png,alleysson,322,512,81.505937,77.467755,80.518151,80.518151
urban100/img_001.png,menon,322,512,72.728072,67.589421,68.179377,68.179377
urban100/img_004.png,nearest,340,512,6.202476,8.723288,12.554551,8.723288
urban100/img_004.png,bilinear,340,512,27.288721,22.646959,20.588204,22.646959
urban100/img_004.png,cdiff,340,512,47.858853,44.230819,41.410806,44.230819
urban100/img_004.png,malvar,340,512,25.461964,20.445513,22.179555,22.179555
urban100/img_004.png,alleysson,340,512,88.093143,90.035548,91.030516,90.035548
urban100/img_004.png,menon,340,512,74.042103,73.839519,82.542372,74.042103
urban100/img_008.png,nearest,286,512,4.950229,5.295869,4.396268,4.950229
urban100/img_008.png,bilinear,286,512,17.041015,21.654833,18.131443,18.131443
urban100/img_008.png,cdiff,286,512,40.070864,37.423357,38.456735,38.456735
urban100/img_008.png,malvar,286,512,13.60868,22.430483,24.779055,22.430483
urban100/img_008.png,alleysson,286,512,71.72926,66.543421,65.955855,66.543421
urban100/img_008.png,menon,286,512,55.904769,52.813004,55.234555,55.234555
urban100/img_012.png,nearest,384,512,5.676349,6.581678,5.849305,5.849305
urban100/img_012.png,bilinear,384,512,20.977593,23.555496,21.565708,21.565708
urban100/img_012.png,cdiff,384,512,40.925693,42.851997,41.341241,41.341241
urban100/img_012.png,malvar,384,512,22.021038,17.742019,19.147401,19.147401
urban100/img_012.png,alleysson,384,512,89.914764,94.582046,96.214537,94.582046
urban100/img_012.png,menon,384,512,114.260658,92.130487,95.72292,95.72292
urban100/img_013.png,nearest,382,512,6.641294,6.770591,6.547017,6.641294
urban100/img_013.png,bilinear,382,512,22.418834,23.492384,22.822693,22.822693
urban100/img_013.png,cdiff,382,512,42.333423,44.871047,44.691632,44.691632
urban100/img_013.png,malvar,382,512,18.427769,23.193944,18.513008,18.513008
urban100/img_013.png,alleysson,382,512,99.99602,94.055377,97.788746,97.788746
urban100/img_013.png,menon,382,512,91.540557,85.715913,86.872564,86.872564
urban100/img_014.png,nearest,512,512,9.796795,11.27794,12.250757,11.27794
urban100/img_014.png,bilinear,512,512,31.877622,38.509768,37.780622,37.780622
urban100/img_014.png,cdiff,512,512,69.444668,54.92463,61.483516,61.483516
urban100/img_014.png,malvar,512,512,32.037038,23.866133,25.874814,25.874814
urban100/img_014.png,alleysson,512,512,122.444402,126.592512,121.809072,122.444402
urban100/img_014.png,menon,512,512,125.835524,133.770404,118.237434,125.835524
urban100/img_017.png,nearest,346,512,5.821553,7.261718,5.825684,5.825684
urban100/img_017.png,bilinear,346,512,20.080754,24.699346,21.144102,21.144102
urban100/img_017.png,cdiff,346,512,38.70714,41.321439,38.227785,38.70714
urban100/img_017.png,malvar,346,512,21.998721,16.409151,15.334728,16.409151
urban100/img_017.png,alleysson,346,512,93.029721,85.766915,89.597827,89.597827
urban100/img_017.png,menon,346,512,71.461056,74.92191,77.60999,74.92191
urban100/img_019.png,nearest,340,512,8.261819,7.574385,5.919469,7.574385
urban100/img_019.png,bilinear,340,512,20.825981,21.872367,22.306234,21.872367
urban100/img_019.png,cdiff,340,512,38.726455,37.361185,42.57284,38.726455
urban100/img_019.png,malvar,340,512,15.708698,16.88026,17.626378,16.88026
urban100/img_019.png,alleysson,340,512,81.93322,81.811987,87.907365,81.93322
urban100/img_019.png,menon,340,512,76.758925,72.000735,69.812869,72.000735
urban100/img_021.png,nearest,600,398,7.525938,8.125527,7.759811,7.759811
urban100/img_021.png,bilinear,600,398,27.253402,32.402057,28.306434,28.306434
urban100/img_021.png,cdiff,600,398,49.836687,50.360505,52.253474,50.360505
urban100/img_021.png,malvar,600,398,22.723203,23.26409,22.68928,22.723203
urban100/img_021.png,alleysson,600,398,111.221698,115.295794,115.834815,115.295794
urban100/img_021.png,menon,600,398,98.647067,84.615502,111.692764,98.647067
urban100/img_026.png,nearest,384,512,9.300189,9.154508,9.05687,9.154508
urban100/img_026.png,bilinear,384,512,31.140043,24.630468,32.180925,31.140043
urban100/img_026.png,cdiff,384,512,46.152181,43.124096,45.385587,45.385587
urban100/img_026.png,malvar,384,512,23.363757,17.573391,23.305341,23.305341
urban100/img_026.png,alleysson,384,512,99.672727,94.846696,111.735138,99.672727
urban100/img_026.png,menon,384,512,127.237675,112.362124,125.169586,125.169586
urban100/img_034.png,nearest,340,512,9.00205,9.732304,7.691492,9.00205
urban100/img_034.png,bilinear,340,512,33.702484,34.026341,34.593562,34.026341
urban100/img_034.png,cdiff,340,512,59.646239,61.733098,66.458757,61.733098
urban100/img_034.png,malvar,340,512,24.401803,17.027983,16.565963,17.027983
urban100/img_034.png,alleysson,340,512,98.645617,81.494286,86.98126,86.98126
urban100/img_034.png,menon,340,512,79.871917,80.956971,88.316864,80.956971
urban100/img_042.png,nearest,340,512,5.51216,8.798901,5.910099,5.910099
urban100/img_042.png,bilinear,340,512,19.757126,20.826869,19.311804,19.757126
urban100/img_042.png,cdiff,340,512,36.992791,44.09314,38.58703,38.58703
urban100/img_042.png,malvar,340,512,21.724675,17.076722,22.699561,21.724675
urban100/img_042.png,alleysson,340,512,105.700718,110.213816,94.705765,105.700718
urban100/img_042.png,menon,340,512,112.432506,91.281047,83.881749,91.281047
urban100/img_047.png,nearest,308,512,5.838983,6.397391,5.024784,5.838983
urban100/img_047.png,bilinear,308,512,19.682037,21.430257,19.190527,19.682037
urban100/img_047.png,cdiff,308,512,36.443775,38.743108,42.933488,38.743108
urban100/img_047.png,malvar,308,512,14.606303,18.191844,14.62203,14.62203
urban100/img_047.png,alleysson,308,512,112.58549,113.634265,89.27836,112.58549
urban100/img_047.png,menon,308,512,62.192139,73.854728,74.984598,73.854728
urban100/img_061.png,nearest,336,512,7.155345,8.557443,5.803784,7.155345
urban100/img_061.png,bilinear,336,512,20.741885,20.30336,20.91652,20.741885
urban100/img_061.png,cdiff,336,512,42.289502,43.66396,42.062185,42.289502
urban100/img_061.png,malvar,336,512,30.592088,16.313815,15.39742,16.313815
urban100/img_061.png,alleysson,336,512,105.589631,134.174992,96.522195,105.589631
urban100/img_061.png,menon,336,512,96.978852,76.03321,74.478929,76.03321
urban100/img_066.png,nearest,432,512,5.783987,6.290099,6.404746,6.290099
urban100/img_066.png,bilinear,432,512,24.889699,31.395454,39.057481,31.395454
urban100/img_066.png,cdiff,432,512,57.336728,53.957701,49.963982,53.957701
urban100/img_066.png,malvar,432,512,20.918379,27.304401,29.776077,27.304401
urban100/img_066.png,alleysson,432,512,116.022778,113.396859,117.954611,116.022778
urban100/img_066.png,menon,432,512,108.784641,99.944272,126.586258,108.784641
urban100/img_081.png,nearest,512,512,14.951301,12.892503,11.330702,12.892503
urban100/img_081.png,bilinear,512,512,33.021013,32.610312,34.495512,33.021013
urban100/img_081.png,cdiff,512,512,63.388129,65.615087,67.422825,65.615087
urban100/img_081.png,malvar,512,512,33.841448,26.694278,29.035867,29.035867
urban100/img_081.png,alleysson,512,512,130.913036,132.666772,139.848673,132.666772
urban100/img_081.png,menon,512,512,145.890233,143.580876,134.808071,143.580876
urban100/img_085.png,nearest,338,512,10.578979,7.160072,5.439575,7.160072
urban100/img_085.png,bilinear,338,512,19.789886,24.007999,23.842078,23.842078
urban100/img_085.png,cdiff,338,512,37.377736,45.236561,48.334921,45.236561
urban100/img_085.png,malvar,338,512,20.577483,16.839383,15.956658,16.839383
urban100/img_085.png,alleysson,338,512,85.465246,83.275909,93.086395,85.465246
urban100/img_085.png,menon,338,512,71.945056,75.648124,84.335014,75.648124
urban100/img_092.png,nearest,346,512,6.565113,6.440333,5.892188,6.440333
urban100/img_092.png,bilinear,346,512,21.614936,24.779986,25.821866,24.779986
urban100/img_092.png,cdiff,346,512,40.899513,43.835891,42.421971,42.421971
urban100/img_092.png,malvar,346,512,23.168748,21.978449,23.322188,23.168748
urban100/img_092.png,alleysson,346,512,95.508158,103.686777,101.374989,101.374989
urban100/img_092.png,menon,346,512,82.556904,85.617304,89.783135,85.617304
