image_id,dataset,edge_density,grad_mean,grad_std,local_tex,hf_energy,colour_variance,sat_mean,sat_std,noise,nearest_psnr,nearest_ssim,nearest_delta_e,nearest_edge_preservation,nearest_artifact_score,bilinear_psnr,bilinear_ssim,bilinear_delta_e,bilinear_edge_preservation,bilinear_artifact_score,cdiff_psnr,cdiff_ssim,cdiff_delta_e,cdiff_edge_preservation,cdiff_artifact_score,malvar_psnr,malvar_ssim,malvar_delta_e,malvar_edge_preservation,malvar_artifact_score,alleysson_psnr,alleysson_ssim,alleysson_delta_e,alleysson_edge_preservation,alleysson_artifact_score,menon_psnr,menon_ssim,menon_delta_e,menon_edge_preservation,menon_artifact_score,best_fast_method,menon_gain_vs_best_fast_db
kodak/kodim01.png,kodak,0.137873331706,0.101548564507,0.108726676378,0.0859342163165,0.0123193139441,151.43437004,0.291861415049,0.2046691334,0.103110891321,22.7914733397,0.858583049477,8.59609109103,0.87725134167,32.8426211942,25.7540811222,0.905960077071,5.88558245203,0.953933338498,21.2049428777,27.118890688,0.934563006417,4.82491718677,0.973662794085,18.1927879491,29.0656871706,0.969414966895,3.96220917065,0.987089990271,13.2279784914,28.3993837541,0.945916499575,4.64665379807,0.965671355862,15.3859879288,32.3138695612,0.982046999714,2.64224346936,0.994981730707,8.29178815932,malvar,3.24818239064
kodak/kodim02.png,kodak,0.0356953938802,0.0368537652458,0.0530316728361,0.0320220683557,0.0062349150929,160.539648169,0.781512880688,0.137156602807,0.0329351295457,29.0416545317,0.904086911401,2.53861620074,0.903561050164,16.467907349,31.8446700587,0.943910764121,1.65386208854,0.938464974841,11.1021680047,32.7540369165,0.956050372096,1.50435672331,0.951673362941,10.1393581607,30.2851517606,0.899722683054,1.90967717979,0.931221418602,12.0176318359,31.7575806031,0.952147502078,1.91528232758,0.930946217893,10.3167032496,31.1267901239,0.893488535678,1.6657754893,0.947919695534,10.3931046026,cdiff,-1.62724679256
kodak/kodim03.png,kodak,0.0383936564128,0.0335151419728,0.0584691024086,0.0325955099141,0.00295432922066,607.179995014,0.387241754983,0.266583435639,0.0223335664312,30.1159960897,0.953427000099,2.74016945931,0.943791695445,15.4151080556,32.6909396265,0.965495672479,1.76236623169,0.951616528972,10.1216720877,28.7519696899,0.971037343126,1.70451326959,0.961532972728,10.7182850036,33.480327596,0.980341659163,1.36830683321,0.982094385575,7.85906173448,33.6207424462,0.978153910272,1.49794487496,0.960351991485,8.23107368829,34.2324767215,0.983278107705,1.12549897838,0.989537583047,6.38451415656,alleysson,0.611734275313
kodak/kodim04.png,kodak,0.0520553588867,0.0437454110958,0.0595623610156,0.0406826627283,0.00330147083766,344.946500032,0.450988661741,0.225021357569,0.0353139689279,28.7034095834,0.912775932041,3.33058854286,0.874858251589,17.6953919326,32.2818359012,0.955195872901,2.05381459516,0.95554091142,10.3136187572,33.769191347,0.964533137964,1.70217634436,0.967320159644,8.9208585327,32.1990489524,0.949920384094,1.71765393224,0.96548946582,9.95020586613,33.7094442946,0.97073602797,1.74348728843,0.961855786141,8.29425096892,32.4312355257,0.942330562684,1.47562733717,0.966566469387,9.02998032632,cdiff,-1.33795582132
kodak/kodim05.png,kodak,0.151542663574,0.105833847727,0.122615787887,0.099041550236,0.0181015339353,251.133277286,0.34086558338,0.211560382291,0.0704903190485,22.5899235879,0.881349010793,8.30147670808,0.90861287908,37.7219973012,25.8286422059,0.937071612662,5.46015084711,0.950913457487,23.2922870344,26.8544383818,0.953143037463,4.99502837377,0.968224237719,20.2583093338,28.8962858278,0.97607677943,3.98373812299,0.987987062333,14.9424882086,28.4501123067,0.967710271303,4.35598570983,0.969720658117,16.7714133163,31.6411059501,0.984354393114,2.81119703763,0.994556951317,9.96790071614,malvar,2.7448201223
kodak/kodim06.png,kodak,0.0930048624674,0.0748133445112,0.0940926968858,0.0626537086165,0.0059259329101,83.9812621821,0.254947614302,0.0984800443088,0.0601246738893,24.4675590169,0.912281151324,5.87517030243,0.923419140853,27.7492320807,27.1989751569,0.924927490427,4.04086451947,0.953290134828,18.8030241447,27.9613381734,0.947566017081,3.44753089336,0.97204542308,16.9246661407,29.8439324444,0.977738098077,2.80133511698,0.986502885231,12.6383041875,29.4324895085,0.956669076512,3.19210917502,0.965747417667,14.3000293109,32.706695982,0.989654354442,1.86285696338,0.995188781837,8.37532347877,malvar,2.86276353759
kodak/kodim07.png,kodak,0.0882797241211,0.0525980201654,0.0775686218118,0.0534118271806,0.00275489959841,199.337592873,0.312161654494,0.227203293131,0.0256953972937,27.9405128811,0.947766574741,3.72878069863,0.943435736397,20.1664648997,31.8306096785,0.976610038182,2.10917675998,0.968259257739,11.0316129635,32.5883447608,0.982149263581,1.99874686317,0.98029365404,9.79980490165,33.9571092627,0.986090689575,1.65659119138,0.991069030054,7.57563390945,34.0847887377,0.98643299795,1.62504547221,0.97831804269,7.73063091604,35.0696626447,0.986891864062,1.34894653579,0.994239132854,5.96854327957,alleysson,0.984873907085
kodak/kodim08.png,kodak,0.134963989258,0.134133965136,0.154209178653,0.120673559986,0.0151025886669,123.667300526,0.172906886428,0.108894744262,0.111466318903,19.8797842939,0.839643038492,10.0196000061,0.853336413926,46.8495665774,23.2519926915,0.914735630406,6.99282785227,0.954049603041,28.2737362265,24.4278012892,0.938517912123,6.3220058557,0.977197704921,24.2823844697,25.785545014,0.968913531399,5.16927982352,0.984689121318,19.3364367507,25.3786271925,0.948880147796,5.93207200849,0.966604206713,21.1379167756,31.5883860297,0.986577121298,2.95941863542,0.996349805686,9.43889460837,malvar,5.80284101565
kodak/kodim09.png,kodak,0.0588099161784,0.0441506627618,0.0808667028762,0.0422375311192,0.00230506719513,160.660317474,0.13578019103,0.164026363719,0.0365967728096,27.4331518135,0.929450236165,3.97551464007,0.892498100012,20.9371351456,31.2622209035,0.960653223954,2.57033812172,0.970747742067,12.2803322928,32.6434809847,0.969534944962,2.22216748934,0.983469630832,10.4288057994,35.0442783607,0.985872899791,1.7624350233,0.9932644664,7.05258316548,33.8927559776,0.976609738242,2.03464262092,0.978297361815,8.74166203517,38.7409972799,0.98922532088,1.24208003364,0.997489901399,4.00125708621,malvar,3.69671891925
kodak/kodim10.png,kodak,0.0642979939779,0.0443795290415,0.0740777801784,0.0429076961293,0.00304029663141,69.0293704076,0.147410667025,0.0947528234675,0.0366557522984,27.4829122418,0.917102147307,3.95148858181,0.888921256817,19.7915304413,31.3199429254,0.96150006285,2.51113905552,0.964958462656,11.3707855134,32.5849630897,0.970640645287,2.17953240485,0.979511957671,9.6634459535,35.3794517466,0.987225405504,1.70331109423,0.992976976992,6.50775502132,34.2303091462,0.978373325278,1.96473329837,0.977940944219,7.94648737586,38.9915464337,0.990767110068,1.25438737076,0.997209805861,4.08044933117,malvar,3.61209468708
kodak/kodim11.png,kodak,0.0721664428711,0.0615560780238,0.0854756904045,0.0554178943312,0.00854571921091,167.174632875,0.313425160168,0.215053486851,0.0491495740124,25.6447301684,0.902847354753,5.21347986762,0.911158039279,26.222921639,28.5401808645,0.934064356598,3.55571795979,0.955463316446,17.4239857013,29.8910173437,0.952051270808,3.04950123982,0.971982711083,15.0210791213,31.3018138558,0.97462840063,2.58539038086,0.985777457257,11.8924008394,30.7368958177,0.960981028777,2.93091915833,0.967950512133,13.357393441,33.6427062442,0.98448372708,1.8899486838,0.991659121441,8.73824518877,malvar,2.34089238843
kodak/kodim12.png,kodak,0.0304082234701,0.0397584156757,0.0705350552166,0.0377996041886,0.00147951639728,121.022718634,0.22486443942,0.110213330159,0.0314114927513,28.5844726226,0.93930769847,2.94028519115,0.937951484909,16.6199365575,31.8516616817,0.954607953533,1.94956832231,0.96808605323,10.7386277005,33.0630742297,0.96766728821,1.66735459133,0.984279367117,9.25948083158,35.2176432283,0.984557497346,1.36170721232,0.992312510171,6.48924589217,34.5866178127,0.973132992103,1.56145372985,0.980380137828,7.83017332209,39.0220710866,0.990938796659,0.975109015504,0.997419366515,4.11798823609,malvar,3.80442785832
kodak/kodim13.png,kodak,0.160245259603,0.120332608116,0.118811718761,0.100377331407,0.0201243823065,87.5954379667,0.342274280117,0.170739598985,0.136763604647,20.9155981949,0.829759996197,10.0744339225,0.895905833553,42.0625495533,23.5397723763,0.888330507101,7.21456051254,0.942518863745,28.9384988894,24.4351962677,0.919033576372,6.16125498672,0.955386056672,25.5304231158,26.0553557362,0.966189091074,5.33917708642,0.981760747718,19.9610535283,25.8482391291,0.936806113338,5.76237795257,0.96245127023,22.2026454824,28.3198191451,0.974611066033,4.04166931819,0.988958972033,14.6671335328,malvar,2.2644634089
kodak/kodim14.png,kodak,0.113169352214,0.0746815522411,0.0859733577227,0.0677211586213,0.00815289141166,464.616862552,0.328924267199,0.251690843885,0.0628573902044,25.1955215631,0.899157629297,6.26660683694,0.910024170352,26.5481463146,28.3409931634,0.937013843612,4.0322825501,0.950686466865,16.7386289047,28.9514796614,0.953486650375,3.44156295271,0.964417671487,15.1003500938,29.747495951,0.973109031173,2.9248790001,0.977770406776,12.4931144143,29.7527712731,0.963733003575,3.24467377696,0.961305268914,13.4175739134,30.8037440673,0.978980673133,2.16085759523,0.985342222793,9.79651800095,alleysson,1.05097279419
kodak/kodim15.png,kodak,0.0384140014648,0.0421546366176,0.0797522563673,0.0421961323034,0.00288180046062,497.247142088,0.375535104085,0.236927306823,0.0288753747323,27.7322018508,0.913629323509,3.54209114962,0.935835248445,20.6832769216,30.3197207328,0.954769088988,2.35434333475,0.960937216604,13.2628098119,31.0055290648,0.964321945122,2.07636164447,0.973068837269,12.2070149195,31.1793956607,0.956650202741,1.93367602306,0.975377368323,11.2038905338,31.1610309652,0.962105069527,2.11959153033,0.963885155454,11.523870392,32.9177646936,0.95448989136,1.51782926564,0.984083875514,8.24034843309,malvar,1.73836903286
kodak/kodim16.png,kodak,0.053835550944,0.0477759113597,0.0601485878073,0.0406555571412,0.00484083755628,67.8007676622,0.171801595697,0.101896739255,0.0371570779534,28.1728446431,0.935332601927,4.88624420579,0.929722844253,18.397431825,30.2790664957,0.939914571093,3.35118247095,0.938209162512,13.211277968,31.5407345685,0.95795121953,2.75407864831,0.959310917539,11.5297121546,33.831928499,0.981890378261,2.28649021946,0.984481570461,8.45256872742,32.2444888737,0.964209473237,2.69048455917,0.950474239635,10.2000289016,38.8235223066,0.993167505982,1.3576383827,0.996611509186,4.32008707843,malvar,4.99159380757
kodak/kodim17.png,kodak,0.0728988647461,0.0471875296173,0.0684703542345,0.0472503447823,0.00506080417754,56.2263578041,0.2486243954,0.192738140616,0.0344587663401,28.2787037077,0.930178808013,4.41339030489,0.926065639587,19.5142018829,31.516620584,0.963508321983,2.7898122019,0.965261716853,11.9329439435,32.7495542187,0.972021217249,2.37719729857,0.977984027907,10.3060003875,34.2417462206,0.986859810002,2.0064007683,0.989517150861,7.98267971353,33.9879754778,0.979202206991,2.20962550659,0.979034434728,8.64884889648,36.3944295723,0.990536698575,1.51031377382,0.994154814034,5.63397334974,malvar,2.15268335176
kodak/kodim18.png,kodak,0.122395833333,0.0764162028866,0.0900658769716,0.0656254415813,0.0168915697483,235.552271968,0.391656829886,0.244942474244,0.064346622297,24.3922071538,0.873256233785,6.41425046631,0.890751425385,29.4911857061,27.5413688425,0.935349565491,4.1912799945,0.956168502548,18.1535330265,28.4000473464,0.951716845215,3.68885725995,0.968558338545,16.5919584435,29.4282065374,0.974755657984,3.2578695446,0.982465130587,13.951887752,29.6085243961,0.963543978744,3.41233760256,0.970192162931,14.2641543513,30.1060130823,0.976125641642,2.89280081532,0.985701840519,12.7925280955,alleysson,0.497488686203
kodak/kodim19.png,kodak,0.0682220458984,0.0685192066878,0.10486950911,0.0594450224037,0.00641503297079,156.473996585,0.277735932434,0.193092789763,0.0473310397739,24.6399663376,0.892787412348,5.62402555056,0.888785256889,29.0785366208,27.8466535328,0.936820716561,3.77389870717,0.96633815021,18.3889959467,28.990426574,0.954714906834,3.14475356158,0.984105767646,16.2875173291,30.202343586,0.977928030991,2.71130987493,0.987014917761,12.9146434912,30.4435890243,0.962288704895,3.0215724281,0.975271854525,13.4707114157,32.5313599745,0.983472114983,2.08903026865,0.99537887626,8.46048758702,alleysson,2.08777095019
kodak/kodim20.png,kodak,0.0407257080078,0.0394060198601,0.0879811945569,0.0387088165011,0.00159968874656,119.085490697,0.202233700092,0.185746209764,0.0145482739077,26.61977831,0.935865177711,3.49417357247,0.933952317342,22.2145053946,29.4105947794,0.961414690139,2.44212396919,0.961117857202,14.8152572035,30.4082785615,0.970174398432,2.19633553072,0.975576613565,13.3395546184,32.9026235951,0.983713732713,1.89776840226,0.990777274564,9.96919819696,31.3185601624,0.975704626148,2.07558316405,0.966902019201,11.5756914967,34.6243091874,0.986589463316,1.5331235926,0.995302234619,7.74660289513,malvar,1.72168559229
kodak/kodim21.png,kodak,0.0846989949544,0.0657392622424,0.0965516211209,0.0580379125168,0.00691173172452,188.228774769,0.260945175679,0.134470754199,0.0460236611052,25.0931000099,0.920867539749,5.80276372859,0.936499924322,28.7585177141,27.9707561475,0.946769372308,4.02302834834,0.961890402906,19.1407085592,29.1268489925,0.960361794486,3.42946930298,0.976884475687,16.9366868135,30.5543053674,0.980454696755,2.93734566498,0.988512140742,13.3459171559,30.255360223,0.969303245589,3.26856879452,0.973383876133,14.5669174592,33.0094435272,0.985544580281,2.16769185026,0.994260613312,9.74878885634,malvar,2.45513815984
kodak/kodim22.png,kodak,0.0746765136719,0.0557133780829,0.0706331155769,0.0478556230634,0.00502501610594,260.275702126,0.331237117903,0.18265232032,0.0469919077132,26.7944881971,0.885996613017,4.75363046088,0.887405194082,21.8797836664,29.9587727814,0.942251287552,3.03854542499,0.955126380089,13.5271773996,30.713963416,0.957419840198,2.66343049371,0.970528814365,12.2412734306,31.5772498556,0.977389425002,2.32882968631,0.982810827182,10.1111323414,31.8749929196,0.966535192383,2.46732035844,0.965524301192,10.5913381957,32.9082382791,0.979468588422,2.04589946047,0.989529185954,8.44067490108,alleysson,1.0332453595
kodak/kodim23.png,kodak,0.0344670613607,0.0316218771837,0.0637281988839,0.0309749892808,0.00207180941157,854.579693004,0.435938340099,0.250101559398,0.0234001121873,29.8023758324,0.951389200468,2.35901874924,0.945308078863,14.4412906715,33.0265009171,0.978102858651,1.42621111107,0.962724831181,8.26995938589,24.3210691995,0.969581024429,1.88223504621,0.969808158988,8.24736477247,33.8016847994,0.976169005541,1.22591171671,0.984243583187,7.10167803689,34.2499012128,0.984748337784,1.22386600256,0.970554493321,6.45277940032,33.9997252149,0.972466232751,1.11376957394,0.985655606928,6.22305361232,alleysson,-0.250175997859
kodak/kodim24.png,kodak,0.111401875814,0.0767160364394,0.102069434547,0.0684348217556,0.0104582677224,90.0474039044,0.210622892545,0.124973457529,0.0492331282882,23.4450619291,0.876184266179,6.51736642804,0.903997881878,33.6864035705,26.4375131992,0.939963820114,4.30860953832,0.957634559794,21.3463364085,27.5782115957,0.95711413366,3.69911619649,0.970751923881,19.0500497779,29.2798591788,0.982467401793,3.03044621046,0.987442022715,14.5040184466,28.8788681757,0.96783329508,3.38609090136,0.973821139689,16.1728098962,31.0803177755,0.987874856276,2.31564975866,0.991943493367,11.6688929543,malvar,1.80045859663
mcm/1.tif,mcm,0.122324,0.0967082346268,0.113849142286,0.0928519887828,0.00670857316013,1991.13978678,0.601890147463,0.272418346204,0.0767028252037,22.5924424703,0.849080610716,6.22527161202,0.893862514275,34.8564705084,26.5406777278,0.934550816864,4.01986901903,0.963035119259,19.6249110854,24.142468106,0.939541665533,4.44268319979,0.969497478265,22.2162149957,23.6196426953,0.909746813268,4.38545591539,0.952980818145,22.346906283,25.3165862866,0.9381785788,4.20526039021,0.960440873998,19.5231504021,23.5117308996,0.916346300163,4.20040595016,0.963612212832,21.1181038795,bilinear,-3.02894682817
mcm/2.tif,mcm,0.071728,0.0608411117982,0.0875721627228,0.0621174943507,0.00433494126208,835.293212956,0.571727230464,0.292435635232,0.0360315527085,26.2453151986,0.903744314305,4.60859231731,0.914237048909,24.831255993,30.3755550884,0.956935746756,2.93506137457,0.968498865927,13.7687233444,30.4060281768,0.963611037466,3.03225198619,0.983857956841,13.476851295,29.2825334331,0.913890877851,3.05121430935,0.971205145703,12.8538630399,30.7600302288,0.944996046635,2.89562382216,0.970795726915,11.7042913336,29.7099887794,0.910852355586,2.94059604052,0.97398740169,11.7841050797,alleysson,-1.0500414494
mcm/3.tif,mcm,0.139656,0.10041975702,0.125737796833,0.0939716201697,0.00830758070578,332.448179579,0.382003455034,0.318705790921,0.0506781257642,22.0212023797,0.886390651459,7.28017271265,0.897543840532,39.4807316058,25.6536067176,0.948171038164,4.97964379914,0.965046790292,23.5257372538,26.982046642,0.960082144816,4.09072352959,0.978686459845,19.1479615637,28.3465122928,0.972063330334,3.7507964633,0.989783917538,15.4220864209,28.3666360285,0.971094590741,3.93344564779,0.980189931109,16.6272511244,29.2717345308,0.971741789546,3.33556275821,0.99180481384,12.3691457422,alleysson,0.905098502353
mcm/4.tif,mcm,0.098536,0.0872522113332,0.139219629422,0.0931101503037,0.00163421354441,194.402016636,0.111929428767,0.185820807286,0.0234001121873,22.2909541023,0.924489822871,5.46638377078,0.925405813498,39.0831068391,27.3367055818,0.976826874792,3.41448318766,0.978800479729,20.0656212494,28.5522351249,0.983120332288,2.53980861537,0.990041061645,15.2042868782,29.81432595,0.987838614773,2.31661984409,0.994318735254,13.3557704505,30.7887149442,0.98990532667,2.38432396586,0.989182850547,12.1966297929,33.0696175476,0.991684995334,1.97363112141,0.997469932549,9.02928861723,alleysson,2.28090260337
mcm/5.tif,mcm,0.091944,0.0590415938669,0.0702476566613,0.0608678048807,0.00182067880575,600.466152523,0.381224306056,0.268448635882,0.0325321030388,26.7168271011,0.912149601856,4.49765726638,0.914023720137,22.3548112369,31.3595062395,0.968107360174,2.60303087335,0.9729681756,11.513481573,31.3939944102,0.973324133101,2.58415724062,0.983647277315,10.7262977661,30.7047190543,0.962499607468,2.54684275862,0.976963320085,10.7343903985,31.9328273895,0.977368464547,2.43395569729,0.981792330423,9.77115066132,30.2655037068,0.958296468306,2.62637100684,0.979397776825,10.7394322653,alleysson,-1.66732368272
mcm/6.tif,mcm,0.095128,0.0525289291498,0.0580366400614,0.0537735057452,0.00102949940888,669.34404308,0.410734801826,0.262111684628,0.0286001371178,29.41820487,0.934120384189,3.99075107984,0.92677371409,17.1981786755,35.4460162148,0.982751155953,2.03691539882,0.980130658011,7.07107877357,32.8131283929,0.984219727861,2.4890475361,0.989143625645,8.66459966491,31.2915845914,0.963712987109,2.48293198886,0.974453212715,9.73874721475,33.8421507903,0.986388145383,2.18618396096,0.986115138207,7.63113856662,30.6866289918,0.96018387456,2.6747063465,0.978744187811,10.2228244,bilinear,-4.75938722295
mcm/7.tif,mcm,0.091516,0.0622403051511,0.0741522111562,0.0587728345732,0.00461060296346,313.723970442,0.213960848922,0.290119139713,0.0496017500933,26.309418043,0.88519551366,6.52460985036,0.912728375808,23.2061611131,29.9243845815,0.939826519626,4.45929836256,0.96178142612,13.5013762734,31.6209760361,0.954741845037,3.68160201779,0.979109634529,11.5295608036,32.8640263394,0.962247463554,3.28521562026,0.9886131012,8.5317381866,32.2112009689,0.956514883719,3.62881634365,0.977054405237,9.72362226856,35.0976689759,0.964008185341,2.54454159317,0.991051600295,5.85455173328,malvar,2.23364263656
mcm/8.tif,mcm,0.06168,0.0506636749341,0.0961673258862,0.0499965594728,0.0115296313342,91.9738240694,0.470248462732,0.299834643497,0.0181067030662,26.2215120072,0.937684591683,4.2289989292,0.928788472628,26.5624402523,30.0294447334,0.969434226704,2.82864705222,0.966438032292,15.8470768819,31.6877778496,0.975589154683,2.51321845232,0.985715916,13.6585310951,32.6419281462,0.973328213295,2.29354393965,0.991423467192,10.4763260824,32.4586242561,0.976994802678,2.44110342145,0.981051211097,11.4859462383,34.2640772954,0.975311184564,1.96442204271,0.994680478036,7.7757262089,malvar,1.62214914918
mcm/9.tif,mcm,0.081864,0.052623995456,0.0822548393128,0.0538263509586,0.0023157992417,717.336277416,0.578668596792,0.243014922557,0.0256953972937,27.1856142403,0.934702113378,3.44695106366,0.9368455606,22.5836711106,31.7637523584,0.973731129518,2.13262456841,0.975452921295,12.5159774316,31.8598327402,0.976906647486,2.168722957,0.985291490692,11.6652371386,30.1676905068,0.947458268721,2.27573169517,0.97905043726,12.3417755113,31.8429710051,0.970415586075,2.16680295209,0.982163341774,10.9447455021,29.7593485265,0.940585134765,2.41403709237,0.979994849154,12.5627710837,cdiff,-2.1004842137
mcm/10.tif,mcm,0.083444,0.0472139575556,0.0581938956733,0.0487920595777,0.00246673835908,1179.07448549,0.728223679104,0.231202157999,0.0230069155952,29.6505624552,0.939851421022,2.86257768662,0.937978426051,16.5081478399,34.6484277227,0.978483291704,1.60752920869,0.97606209337,7.93404503601,33.5026101606,0.979827835867,1.68298514429,0.982425206177,7.85310867978,31.1424516445,0.940803273705,1.83305654429,0.969913830472,8.82057121397,33.5331288057,0.970663585467,1.65205081086,0.981591630508,6.99367228444,31.0848327333,0.932757049218,1.91576895898,0.971576751756,8.95595035043,bilinear,-3.5635949894
mcm/11.tif,mcm,0.07632,0.0416087210136,0.0518777386137,0.042552811748,0.00318143285729,1067.21534228,0.818209436716,0.200900333768,0.0232895256458,30.8624078759,0.938408594509,2.4406531094,0.933146710814,14.3961936842,35.8543153224,0.977674520097,1.39720940593,0.975509599531,7.26484450987,32.846514441,0.977192088011,1.71638379031,0.981737167532,8.26754904484,31.4972229041,0.942545095912,1.79519435617,0.969930708447,8.44786560866,33.78405875,0.96812894088,1.60496374327,0.98061442312,7.03412371507,31.187884419,0.933607129915,1.90022151813,0.971072465421,8.92439931987,bilinear,-4.66643090335
mcm/12.tif,mcm,0.069816,0.0429712330848,0.0766963191405,0.0423157279903,0.0027538308385,301.7221937,0.636297143676,0.18284396952,0.0201611552599,27.8539970631,0.928255865773,2.90472542499,0.901196243071,23.0938902827,32.0685926686,0.973790502781,1.78754872485,0.96915480791,12.7695103741,32.4251497972,0.977217647934,1.836752867,0.983209183886,12.0503024283,31.7627625077,0.96709964313,1.75909120175,0.985978489062,10.7006915217,33.3801956628,0.976637120931,1.69920062499,0.980226524478,10.1828711718,32.5428475944,0.965364650742,1.64435098152,0.989088945446,9.41504384518,alleysson,-0.837348068467
mcm/13.tif,mcm,0.030472,0.0245764947566,0.0525858920289,0.0249542637161,0.000520178345967,99.1709392821,0.488934397797,0.12084304205,0.0184654949564,32.0480567752,0.960860958583,2.08295256533,0.931832625601,11.9615270908,36.7735992023,0.982761659155,1.33269227317,0.982106892877,6.44126196497,36.7928016654,0.984430385162,1.4011014559,0.990854926941,6.36252238645,35.1996912155,0.978764963435,1.41858454292,0.984986543143,6.89126705614,37.5703727984,0.985644164987,1.27844537746,0.987905426878,5.68507959428,35.5340558128,0.977314904822,1.41299263192,0.989172727652,6.60505388444,alleysson,-2.03631698562
mcm/14.tif,mcm,0.042308,0.0319136966317,0.0507040632322,0.0342250548715,0.00169884857583,957.669137725,0.596358261805,0.299775043454,0.0208099296368,31.4824568404,0.951117310738,2.56369752889,0.945524172924,13.5075732026,35.4721978485,0.9774020731,1.5946332577,0.973124216485,7.51494177188,34.6163106435,0.980136673729,1.63057342472,0.98475159938,7.60638028111,32.3064942959,0.933365409381,1.8045720045,0.965129452402,8.48856062249,34.8979309745,0.968308271872,1.62960193681,0.97720907712,7.05978824946,32.5698255074,0.927063080291,1.79210494041,0.967830360983,8.43267082477,bilinear,-2.90237234105
mcm/15.tif,mcm,0.038552,0.0313940016639,0.0501392497657,0.0334804290894,0.00209015909782,922.164901148,0.740320998511,0.222573002291,0.0221271382204,31.169719199,0.939960230296,2.25549290574,0.933903565413,13.5120934465,35.8607676416,0.973776321771,1.39073541227,0.972432986614,7.08472268772,35.2150644657,0.975039426323,1.44858034439,0.981552183869,7.16843950864,31.9667695458,0.906400375611,1.68745901248,0.958741602794,8.19516514971,34.485791422,0.946044606415,1.57263503997,0.971511012929,6.89784807744,32.026942063,0.893450811718,1.70141696888,0.957187285924,8.27225227083,bilinear,-3.83382557858
mcm/16.tif,mcm,0.16474,0.0971658170474,0.0942433830788,0.0907381823169,0.00586440497738,726.341178747,0.808764055495,0.143786253001,0.0685489108751,25.8259546096,0.90117064104,4.05024268369,0.915632502958,24.6251880993,30.3232187381,0.958829045613,2.41303354763,0.966023304555,13.2521860954,24.0862826982,0.953765861817,3.35540776157,0.978046697344,16.5762448864,24.7079477586,0.959431661795,2.973173386,0.978879262675,15.3794497761,26.8024156978,0.972110312671,2.51281429727,0.978031230614,13.2643510325,23.7375651721,0.945354535287,3.34767624956,0.975742424816,17.4431153632,bilinear,-6.58565356604
mcm/17.tif,mcm,0.122668,0.0619439379913,0.0643556762257,0.0598760765948,0.00658790839198,2186.64550947,0.784505278168,0.172513320259,0.0378058523303,26.8047999699,0.904464795434,3.89229975376,0.91216747957,20.2110666038,31.6641695189,0.964068429337,2.28897417999,0.963748768194,10.9313503899,28.6827782754,0.961122810694,2.98522631193,0.96715128335,13.8993100263,26.246619008,0.843911575514,3.38860246608,0.914149612958,15.9804903546,28.5288962308,0.922996438565,3.03505101437,0.951457336874,12.994181053,25.2854014374,0.81671108413,3.96096171385,0.914966489194,18.3379671944,bilinear,-6.37876808154
mcm/18.tif,mcm,0.087428,0.0817977326002,0.120675873543,0.0892376601365,0.0045339984922,910.968201857,0.540389100323,0.27606701307,0.049070934694,24.5001748567,0.88558475289,4.57965085701,0.938033162904,28.4063194466,28.5315785449,0.943608326611,3.07545299378,0.971173672481,17.6315799695,27.8459340731,0.950190646252,3.32998884541,0.984462414027,16.9610925922,27.8062599881,0.942040245192,3.19901739934,0.983957716684,15.3646912517,29.3269065479,0.957867229046,3.05399895678,0.979251119049,14.89922229,28.2092028817,0.941832921177,3.01248673157,0.987765174932,13.2515898242,alleysson,-1.11770366622
bsd100/img_002.png,bsd100,0.0713346354167,0.0520099648247,0.0886548608236,0.0490698500365,0.00280712326594,359.61888351,0.238807953736,0.262995182372,0.0198711727732,25.3971357073,0.904330625837,3.97276169923,0.913181688794,26.7425656491,28.8017258037,0.952657469702,2.65518901347,0.967297642023,16.4563618999,26.4057343235,0.960391851913,2.42809396767,0.974870400964,15.9195959073,30.7515864559,0.981821497136,1.91871470686,0.988979381507,11.8969009821,30.7602138514,0.971622286594,2.07524618541,0.976547674936,12.6744162201,31.8140298923,0.986807198103,1.57223361828,0.993515640495,9.71084759168,alleysson,1.05381604089
bsd100/img_003.png,bsd100,0.0693033854167,0.0596754347958,0.102029769471,0.0546792790263,0.00800587528909,560.556666662,0.33684307278,0.183980666743,0.0294897444074,23.9594929395,0.904665616425,4.82153960416,0.897133000571,32.1190944712,27.0022052145,0.945932847064,3.36435084238,0.967081750121,20.9496101682,28.2136049003,0.959289223264,2.79414261148,0.980435702942,18.2410121728,29.3565910788,0.975397227717,2.4606268385,0.98700000727,14.7619355138,29.157114451,0.965136458578,2.75235932951,0.976342475098,16.0794141457,32.441407543,0.983279933852,1.8477459589,0.9930153229,10.5763381569,malvar,3.08481646419
bsd100/img_004.png,bsd100,0.0963151041667,0.0533644674073,0.060809682951,0.051403429005,0.00412235719123,83.8005464577,0.226195744518,0.0984573555237,0.0231347044876,28.315673857,0.934287982472,4.40157419108,0.914005273892,18.529214608,32.105335748,0.971101051911,2.37420499149,0.959889540324,9.80790156829,33.3978974821,0.978947313615,2.02193228916,0.980475033172,8.28050182908,35.1015337059,0.989784110613,1.63237735901,0.990869950225,6.19215271313,34.9438903239,0.985776223323,1.71861034742,0.980155477805,6.58616110822,39.4646460506,0.993982253279,1.24231426307,0.995717896112,4.01862706016,malvar,4.36311234466
bsd100/img_012.png,bsd100,0.133977864583,0.0801064540105,0.0793119237599,0.0704343493476,0.00616653194252,398.735068874,0.449043629528,0.177597379625,0.0663224351723,25.6951855038,0.885903209052,6.15959643675,0.900161190998,25.6540402553,29.9315695093,0.950379115731,3.56879049375,0.963438901154,13.253322605,31.2760448726,0.962019863259,3.06130508318,0.977294417745,11.3865089236,30.5050396312,0.96319791334,2.83510575968,0.98165138962,9.70293514846,32.7908274234,0.973357652094,2.73378571823,0.980153438304,8.93396549632,31.3330411623,0.953796927187,2.64404700604,0.982829033272,7.96507489532,alleysson,-1.45778626114
bsd100/img_013.png,bsd100,0.12203125,0.0633949321093,0.0593645441543,0.0577893173563,0.00232591402877,25.8072782089,0.0901472383602,0.0590446002309,0.0373438463346,28.1340072406,0.927186893346,5.60053955788,0.920725451413,18.1719905904,32.4966592843,0.96965439284,3.03800820704,0.966670974979,9.12000646421,34.7207569765,0.979331116761,2.35418045858,0.982720356515,7.40535186098,37.1232668523,0.992618158399,1.8376523586,0.993409536907,5.20260300328,35.9995918743,0.986609506071,2.09170950347,0.98379419341,5.86565255232,40.7091645155,0.994869480409,1.50188207329,0.997341297188,3.61439165437,malvar,3.5858976632
bsd100/img_015.png,bsd100,0.126302083333,0.0903428914445,0.099551425821,0.078359880898,0.0126117505686,87.7054233344,0.226323270009,0.106997582428,0.0714831404436,23.7338598444,0.884104479328,7.94194660284,0.914984711876,32.7446909979,26.5040320485,0.929749657581,5.22087350653,0.955001836207,20.5716868687,27.6136252395,0.949709106572,4.23073346634,0.970012988044,18.428725865,29.001797825,0.979613375518,3.57777817979,0.986941015093,14.5779172423,29.1877885415,0.962494227561,3.96469828845,0.974413556845,15.107751782,30.938771357,0.985226160806,2.77721221704,0.991233085464,11.8317343652,alleysson,1.75098281549
bsd100/img_017.png,bsd100,0.0415364583333,0.0301128364899,0.0490938590589,0.0300878186071,0.00316738183912,110.359859525,0.464835631758,0.232754936417,0.0157573534284,31.4095791895,0.949279688178,2.68555409086,0.9345925329,13.4887029507,34.593446855,0.969079269256,1.76106085933,0.966403047621,8.5506519082,35.7157130337,0.974582285351,1.5072852466,0.97832833814,7.34298686567,36.9661766646,0.985623620709,1.30862928194,0.989881513806,5.55562372083,37.119023008,0.983376664482,1.4332328511,0.983402531379,6.30551050074,38.9851331325,0.987891176506,1.05409600451,0.992477721467,4.37730607652,alleysson,1.86611012454
bsd100/img_019.png,bsd100,0.0802213541667,0.0759179450382,0.114718762018,0.0746887565364,0.0101419950714,730.81293356,0.393617714138,0.288323867567,0.0449866050935,22.695541168,0.862348107558,6.36365848266,0.893749032326,37.9212324938,25.6809970634,0.912884206431,4.48908111776,0.955111759287,25.1372145479,27.1171726439,0.935506864572,3.63038462061,0.970894350373,21.5870374616,28.5372368714,0.952260140518,3.27789620298,0.985056110863,16.6503874665,27.8667413158,0.936561800592,3.71668010527,0.969368872049,19.1293587952,30.0677842051,0.956534852461,2.6974514782,0.989852460188,13.7863877469,malvar,1.5305473337
bsd100/img_027.png,bsd100,0.109889322917,0.0765251022508,0.0821454001378,0.0719396107779,0.0052472982879,129.526292712,0.304873234546,0.0912019334662,0.0651526753108,25.5664317921,0.901487880199,5.81393363827,0.913574381795,24.7527689586,29.1224142809,0.940164254479,3.65623340497,0.96077249759,14.0379122163,29.5918804309,0.955941763579,3.15023103912,0.977808856506,13.0204676287,30.6288523987,0.978514332306,2.70829621157,0.988723432527,10.4914657069,31.6398956744,0.965832371,2.81534973538,0.978285931855,10.3111279667,32.1777398278,0.98594185348,2.14263598607,0.992665619398,8.54607053645,alleysson,0.537844153436
bsd100/img_028.png,bsd100,0.09103515625,0.0577362294751,0.06444921648,0.0518283370088,0.00547589192115,112.272763408,0.615409298914,0.237681354642,0.0367982860631,27.7652557947,0.919904876642,4.34441898138,0.927052725183,20.2644938362,31.4458665178,0.958632128687,2.62295162,0.964779461057,11.7371880775,27.4014374986,0.958420642856,3.62242495845,0.976039185936,11.0200192203,32.8405470404,0.984037552015,2.05951808714,0.986616715924,8.87461996882,34.2163407764,0.977126971248,2.00861852619,0.979089759404,8.63048134664,34.2481031667,0.986398520691,1.73615982286,0.990783619636,7.5243425985,alleysson,0.0317623902499
bsd100/img_030.png,bsd100,0.164485677083,0.154284381466,0.15648862939,0.129980692745,0.036536759804,258.1803074,0.390821676681,0.324785447729,0.191683338648,18.1047742232,0.808089006968,12.0925393713,0.875847691548,55.7431526573,20.5429619757,0.867644190948,9.41743893373,0.940560667681,37.8887709137,20.7483388742,0.859602278286,8.8971970898,0.949065861335,32.6929921376,23.7400041714,0.951478894225,6.98897373734,0.98151028666,25.2857118927,22.7406777118,0.922185018184,7.84504924167,0.962487196088,29.2641720135,26.0140191101,0.964051563339,5.25523268696,0.985403260004,19.231798906,malvar,2.27401493871
bsd100/img_037.png,bsd100,0.0155924479167,0.0612178095929,0.0494298795234,0.0490543570867,0.00585543916841,3.25249637597,0.244734729788,0.0542489885148,0.109515080814,25.7838074918,0.767814123184,7.77538445708,0.822636421016,21.0540064211,28.1248371494,0.836381670654,5.49429684151,0.917132022774,14.2371464619,29.6988451067,0.882996156261,4.13130541988,0.922890865742,12.4910316702,31.7958510077,0.959959539965,3.64319002044,0.974084771726,9.45811045663,30.4112630099,0.901354547876,4.33044532417,0.946095338847,11.0584778973,32.8206620147,0.963692424995,2.8782892362,0.976666952693,8.26761290552,malvar,1.02481100705
bsd100/img_040.png,bsd100,0.0803971354167,0.0490118316202,0.0800967363823,0.0572015266618,0.00196940789772,163.552420081,0.33888522664,0.0899298493296,0.0195025509681,28.1096396733,0.951360861374,2.89507176028,0.944699294231,19.0308662044,33.5140451793,0.983152771567,1.4858435052,0.978736272059,8.87059773721,32.8496780841,0.984701759739,1.47935291907,0.99104969517,8.61974314503,33.8298729167,0.988595642403,1.29273066446,0.992922686649,6.94775660655,36.0758299854,0.990700753038,1.15119739955,0.98967149449,5.91309648919,36.7154221581,0.992681387565,1.08900494321,0.996403984886,5.17756481499,alleysson,0.639592172718
bsd100/img_043.png,bsd100,0.0582356770833,0.0627979823261,0.100349491807,0.0587975840965,0.00871451052431,47.4427461909,0.200691375004,0.127528277832,0.0439692089115,24.584848289,0.908529298843,5.49888180068,0.921217765294,29.8580284261,27.1973110501,0.929095175854,3.96076606726,0.96184446542,20.7115656588,28.3878487461,0.948025308619,3.2140790377,0.978033351662,17.9993854698,29.8896059103,0.973228343466,2.8353236077,0.988177259974,14.2718627471,29.3345104953,0.95469730516,3.25021831146,0.973781293852,15.9561616897,33.4482079147,0.988522865604,1.86932223489,0.99522708888,9.53518583173,malvar,3.55860200437
bsd100/img_047.png,bsd100,0.148626302083,0.120998267244,0.135477689592,0.106259237042,0.0137847327648,140.889503847,0.379906423509,0.195364744419,0.111628512497,20.9673426947,0.843697938393,9.40305216598,0.899119522186,43.4079867778,23.9826086129,0.911658159386,6.52420959992,0.956437796022,27.3965720985,25.3836743816,0.935632805689,5.38178846725,0.970569164851,23.4118422561,26.7283676202,0.967132855174,4.70099120442,0.98624442987,18.2944199934,26.5186162521,0.948729463074,5.18758102931,0.97156438006,20.0424156042,28.716717455,0.973542754572,3.71054989553,0.991282088015,14.2732387878,malvar,1.98834983482
bsd100/img_048.png,bsd100,0.18052734375,0.101139735498,0.085236628228,0.0854296976329,0.0105948521285,89.9081923499,0.27359783296,0.0817605421407,0.0907399435416,23.318855227,0.871340357501,8.88492903076,0.882568094086,30.7300122985,26.5038953816,0.924187832377,5.66220613673,0.943579802259,18.58121277,27.7722360526,0.945455906484,4.54827190003,0.961667187417,16.3632055417,29.0464202422,0.976148007265,3.95423574139,0.982553275188,13.2054013775,29.1409449309,0.958820919796,4.27362655292,0.967500166874,13.5211624628,31.1072509222,0.980719009562,3.23489946125,0.987985993068,10.325457092,alleysson,1.96630599132
bsd100/img_054.png,bsd100,0.0433203125,0.0382265386947,0.0398469302272,0.0342164176916,0.00116092137423,313.781738999,0.36829074716,0.1406699126,0.0347536637841,30.8546127684,0.919891521545,2.54940170827,0.914234402359,12.6550134834,33.6259118257,0.94247003051,1.63830637466,0.952336808572,8.05718635971,33.7140275449,0.958166119817,1.4166694684,0.968978635726,7.66516824056,33.9687472262,0.979266494029,1.29808337224,0.979871800841,6.59165210563,35.9748328681,0.964607589759,1.30129318874,0.969352224809,6.22522594004,33.7095266694,0.981613542264,1.11884386665,0.983660556812,6.36474259527,alleysson,-2.26530619863
bsd100/img_061.png,bsd100,0.0421484375,0.0357712007754,0.0481366084223,0.0328818233845,0.00323246680607,229.806792771,0.387027586976,0.150728368092,0.0256953972937,29.7442299089,0.910095700012,3.1948154814,0.909659329494,16.9779283848,32.4713977751,0.941435276788,2.15306301877,0.958236477976,11.1938375822,33.0842325285,0.956249476411,1.83396597497,0.969097578286,10.4042818089,33.261543447,0.976720423358,1.74682729101,0.980943666817,9.10575109171,34.5818423462,0.963644755977,1.75821131849,0.973322157715,8.77336617915,33.7741167867,0.978189217001,1.535914296,0.983830227686,8.49294588378,alleysson,-0.80772555952
bsd100/img_081.png,bsd100,0.0244401041667,0.0220194184408,0.0477079435594,0.022462449077,0.00472775949527,254.476077012,0.523485177276,0.228733480738,0.0115108302337,32.444416482,0.960411245809,1.68849908422,0.945176197149,11.4615598945,36.245241983,0.98007888453,1.06048956636,0.972684239681,6.63630015527,35.9407708791,0.9824865355,1.07161378982,0.982473815136,6.79187641162,36.2541809412,0.985933812945,0.981028220925,0.986659071144,6.33428517844,37.60833376,0.986425095165,0.91174816063,0.982628278184,5.76772520814,36.6704270135,0.986017871268,0.931910574729,0.989713705957,6.01437726176,alleysson,-0.937906746572
bsd100/img_095.png,bsd100,0.108444010417,0.0776912747701,0.112179208776,0.0727921281906,0.0119647479521,755.301036355,0.444126018985,0.272356803441,0.038555383334,23.4253852013,0.883926513354,5.87413548676,0.882048472371,35.458476777,26.7076456713,0.946827741797,3.97018290063,0.960778515233,21.1910029309,27.3823111473,0.957481025966,3.53327024288,0.977193745868,18.638006395,28.1285194494,0.956898293392,3.14993097774,0.985969967074,15.4990579377,28.7892881995,0.963008379848,3.35485019386,0.974910259457,15.5812399535,30.7843189944,0.964070294565,2.34956743325,0.991347009485,11.1255583608,alleysson,1.99503079495
urban100/img_001.png,urban100,0.106354328416,0.081665214819,0.111647741146,0.0879120968215,0.00925457419463,17.5009735996,0.164820482405,0.158560650602,0.0571609545764,23.6857951544,0.878920725052,6.83441999857,0.904789699419,35.594942746,27.1750012146,0.941027078648,4.69501715523,0.963930094381,21.3693364755,28.8850251673,0.955804086039,3.96026853377,0.97934126961,17.0814988797,30.4773035998,0.979072308441,3.40412316232,0.990899469775,13.2083786672,29.7220126562,0.968911392785,3.86006827426,0.980863829638,15.4635780522,33.2551669558,0.986703295085,2.60665957218,0.994718954851,9.05129362867,malvar,2.77786335598
urban100/img_004.png,urban100,0.209231387868,0.175552713194,0.170647089034,0.154947388177,0.0267544870135,34.0828328404,0.225191880928,0.278567689393,0.109790318429,19.5391887488,0.901702673049,10.7827086119,0.917813616912,47.8392032246,22.017279294,0.933763383819,8.19906412364,0.944301939631,33.5215227979,24.4038468058,0.953013097536,6.76296683579,0.970858553176,26.504114496,26.745034654,0.981212416992,5.42795825701,0.989099032359,17.6157828524,24.7375889112,0.963751578681,6.42863555195,0.967452893129,24.8681319788,29.7598413069,0.990376282326,3.97358622282,0.995090991733,11.6213191908,malvar,3.01480665287
urban100/img_008.png,urban100,0.201219678759,0.149248222678,0.138063847485,0.125899576436,0.0195187914623,224.132830678,0.285200945321,0.163862065818,0.15960341169,19.4712943707,0.818418773698,11.7010472178,0.874028619662,48.9851395996,22.4470455763,0.900442479606,8.3340796034,0.945669578092,29.0879947351,23.5038394251,0.927197800497,7.30189786143,0.955019362406,25.0069849012,25.0289706391,0.967034360268,6.1922813829,0.981545467964,20.0703638481,25.0681869626,0.947453180006,6.61534197541,0.968142977253,21.2451187421,26.4070048714,0.975008111834,4.79459947472,0.98408340317,16.2287033178,alleysson,1.33881790884
urban100/img_012.png,urban100,0.147720336914,0.100414498355,0.115368258991,0.0941156616146,0.0150200949958,1090.66509398,0.539495959261,0.229872911087,0.0867735729188,21.4189654269,0.8631303204,7.58394146116,0.893010634222,37.8134710634,24.5182317922,0.914787043767,5.12462998081,0.950668575413,23.2623683173,24.9265755595,0.932979138949,4.90140737222,0.963825028399,22.403189857,23.5262618008,0.903269645592,4.99667828499,0.94043434726,24.2431386529,24.4410036803,0.932611883536,4.9658103659,0.952244595532,21.9035246842,23.4432426204,0.901740872727,4.84326952323,0.940656975336,24.4472871574,cdiff,-1.48333293906
urban100/img_013.png,urban100,0.146054892016,0.0933158656541,0.111582424028,0.0967743412788,0.00615397905671,747.211783795,0.752817312576,0.178483984484,0.0617834720123,24.0422920211,0.906317593089,4.88274593781,0.918587177754,30.149355816,27.4740805533,0.947282973042,3.20862464288,0.957698341688,18.3614625451,26.4678094407,0.956729779138,3.62686291217,0.968349733198,18.8654317233,25.0615154472,0.935680440189,3.73408022154,0.965345180144,19.8060700187,26.3012993788,0.957872682057,3.69345760694,0.966398172597,18.2746897441,24.4150789008,0.928571753509,4.07592878796,0.963051278464,21.3336090361,bilinear,-3.05900165247
urban100/img_014.png,urban100,0.129280090332,0.0852708201772,0.106164903649,0.0795168429639,0.0085413553978,127.140998208,0.175185198699,0.118921800542,0.0584191836711,22.9534774463,0.867391692027,7.73736118753,0.880845113766,35.9325908131,25.698131452,0.925469210799,5.67768233772,0.95434823485,23.351913797,26.6247894307,0.943565094374,5.18530235836,0.968955960657,20.7506874551,27.947848793,0.969691552049,4.59619432005,0.985372178105,16.9271523646,27.7434843681,0.953980429541,4.94702993888,0.971194221216,18.1477287736,31.7499392691,0.984671897613,3.10015543722,0.993274708282,10.5392237236,malvar,3.80209047611
urban100/img_017.png,urban100,0.135403495303,0.108895660925,0.1274263909,0.10220000094,0.0083468068121,915.609322787,0.47497851336,0.212570078883,0.0525212347896,22.1686842228,0.900896375995,7.07005321437,0.901778049659,37.664145111,25.5390652303,0.951772819031,4.47065160942,0.961543743641,21.6979477002,26.4055955421,0.964702406569,4.16103139482,0.980150849543,20.1303716909,26.7472415213,0.968599731697,3.6437992773,0.979625186753,17.7496818151,27.2823094607,0.968471767182,3.89223783449,0.972175993309,17.3814351024,28.0616037995,0.979194672174,2.94712142731,0.987798486532,14.4100333481,alleysson,0.779294338831
urban100/img_019.png,urban100,0.136868106618,0.15276667456,0.206794410501,0.140484744893,0.0296739181725,185.325845635,0.308725667384,0.286756260591,0.0587067086791,17.867637793,0.860689395251,10.4580229117,0.889619294514,66.2163085042,20.659725034,0.91913589742,8.4187260322,0.953291580361,43.882518466,22.3795839097,0.937116095664,7.32892008635,0.966365210047,37.7418110004,23.7303390823,0.964725304981,6.66350556652,0.98672562888,29.6877864256,22.8418891923,0.950131448036,7.29377340608,0.973662195364,34.9250312113,24.7643536666,0.969956365619,5.94626748472,0.989334992168,23.9259806522,malvar,1.03401458438
urban100/img_021.png,urban100,0.0928391959799,0.0746405208853,0.0974215513314,0.0757477808862,0.00313115464963,158.142118323,0.157047848253,0.232276261703,0.0558290011207,25.5607095623,0.908282254691,6.04121748601,0.933731371287,26.2280669488,29.3468312303,0.942251948178,3.95029550344,0.969525341327,15.3020661662,31.107100214,0.957372519211,3.34562213524,0.985522570819,12.6725070226,31.9598193716,0.978364613495,2.80748315589,0.989606346542,9.45684966249,31.8894843336,0.966701353268,3.16140017985,0.982545072565,10.7341324773,34.4749674581,0.985800205984,1.87629769021,0.99371833761,6.31298344208,malvar,2.5151480865
urban100/img_026.png,urban100,0.0414276123047,0.0502122801219,0.0925314760898,0.0505279117525,0.00348532108508,66.2803207251,0.222356649908,0.114799946951,0.0327237863774,25.8042580099,0.870652848265,4.43744453786,0.892464381658,26.8594345585,28.5937952064,0.943032950944,3.12808124991,0.959469381417,17.1314483597,29.5893417277,0.955696885305,2.91579889477,0.979944488022,14.9934686893,30.9043741125,0.967211815202,2.6305236008,0.987329151649,12.2892631829,30.4244876952,0.960555418727,2.83991469342,0.970576957193,13.6468551246,33.833398041,0.978193807513,2.03636892051,0.993106550935,7.9963812843,malvar,2.92902392852
urban100/img_034.png,urban100,0.108846507353,0.117039220544,0.14071125294,0.110171287175,0.0144613267519,477.395063506,0.491886307464,0.307057907305,0.123736510055,20.3680631025,0.825210982212,9.35417667031,0.902360809818,45.1572317639,23.2314313977,0.886633855484,6.92573446984,0.951402285669,29.8530777159,24.3638695697,0.905961895034,6.34024564132,0.96801958444,25.9475447047,24.0810343879,0.896124676811,6.16663408786,0.968434521109,22.2216391612,24.3185854321,0.909734374076,6.4824330904,0.963748750834,24.0662859873,24.7233554204,0.886642354878,5.72455233329,0.972209500706,18.3087619668,cdiff,0.35948585076
urban100/img_042.png,urban100,0.137672334559,0.104051920819,0.141162366158,0.10948515446,0.00484417490038,1.65500682133e-06,0.0,0.0,0.0442346166111,22.4938173039,0.937142687411,6.96454950187,0.947202124219,37.8282237362,25.9288889533,0.956967033541,4.71574610898,0.962598418926,23.8746746945,27.4569885845,0.968704574197,4.15232244744,0.981023111202,20.014599368,29.7841283805,0.987030536406,3.24699612013,0.992906990455,14.7627943338,28.9873326197,0.97807579956,3.70098446303,0.979321940287,16.1965488018,36.6208254005,0.996285777518,1.66138078766,0.998529198499,6.93531187023,malvar,6.83669702004
urban100/img_047.png,urban100,0.145095627029,0.114866662403,0.145706287089,0.0998885131217,0.0182997115067,141.538522384,0.245130620074,0.185118412225,0.0608864922865,19.624547598,0.853431783737,9.86113611107,0.886902271878,51.0208805706,22.4466133485,0.915717271322,7.5883164552,0.949959331764,31.6031019222,24.019652991,0.936200688155,6.49367405335,0.957126053516,27.2004532957,25.7656719162,0.970091061259,5.8822086971,0.985357134574,21.2143427771,24.9988756315,0.957017335334,6.30619021953,0.973069858075,23.6560741102,28.2915629455,0.977396778131,4.4368819885,0.989960916399,15.3421639326,malvar,2.52589102932
urban100/img_061.png,urban100,0.15243094308,0.117105420219,0.120619690352,0.10001588873,0.0107011982417,301.097326983,0.317875196436,0.192893580454,0.0892408815343,21.8738684998,0.862324538084,8.52120836172,0.885639675111,37.4340722652,24.992871639,0.926057083975,5.68756079757,0.958245020199,22.1267397575,25.8133853526,0.9461197874,5.21715048007,0.97669451023,19.9536984094,26.5570944822,0.954704488052,4.39598205941,0.976927259197,16.0163730565,27.0518392527,0.954376023747,4.7360449619,0.970937380056,16.7943816928,27.0206453375,0.952732063055,3.90820796193,0.975182121413,14.5488191674,alleysson,-0.0311939152144
urban100/img_066.png,urban100,0.15466760706,0.108371158852,0.115520919708,0.102476976383,0.0128655365367,1.36337446116,0.0212052388506,0.0157907516527,0.0916197209165,21.6332979606,0.829479051017,9.44695342091,0.849611920381,39.1287900873,24.4412506387,0.918175449617,6.70170706317,0.946883329282,24.1402876126,25.6989370397,0.938896698255,5.75457922433,0.965647455877,20.4340262428,27.2901553589,0.969626302598,5.00689406415,0.985494407819,16.3043239398,26.5481719851,0.950523022362,5.60621471946,0.967077055603,18.2618323607,33.3079948257,0.989677607717,2.74917820705,0.995529489241,8.12217693016,malvar,6.0178394668
urban100/img_081.png,urban100,0.111343383789,0.0814337752409,0.144343288148,0.110145725617,0.00866877561079,1830.46534017,0.666656014028,0.393256838779,0.0153051773475,23.6580973769,0.931047433957,4.38605054245,0.964663104154,37.089066061,26.4469662143,0.960683293535,3.31869752904,0.964853058395,24.355828747,22.1348803413,0.914757467812,3.83512266252,0.961303344043,21.8977086463,24.5302400891,0.908930488637,3.14814217385,0.976592881437,23.3118927939,25.6723443139,0.935354520007,3.36818936486,0.981005250461,21.1846550218,23.1649984825,0.878857331309,4.12688527486,0.975247393655,23.8655890191,bilinear,-3.2819677318
urban100/img_085.png,urban100,0.0835220968935,0.0731225100007,0.121765274536,0.0657481684067,0.0142740538102,585.086299337,0.614627402083,0.277242538235,0.0114567657023,23.6880825948,0.931254874112,4.79451582607,0.905301509222,35.515276374,27.0160864983,0.967846636539,3.17456808043,0.969664240796,22.3488572209,24.4726848343,0.964909753761,4.40035336996,0.983225359377,20.7671984643,28.1807245807,0.973248064238,2.86036310075,0.982881709883,18.4928968328,28.5173178673,0.975666496512,2.86286189672,0.977853467351,18.0960363572,28.8916382304,0.978936362155,2.53162223548,0.988011606428,16.0088828007,alleysson,0.374320363067
urban100/img_092.png,urban100,0.164333453757,0.148928196004,0.183700019763,0.145552457511,0.0220783195504,1.96575299369,0.0290500711319,0.0435086404022,0.106954388008,17.631253551,0.817953644997,11.3350130106,0.863981944268,58.9541271324,20.2480947534,0.872410361037,8.97499230999,0.941933402121,37.8974746894,21.897167184,0.906526978723,7.68526391781,0.963503575412,31.6805636435,25.1399841049,0.969982662328,6.34612237874,0.990186249478,17.7329255947,22.6770614943,0.924545830186,7.55738172152,0.965855120283,27.6632184117,29.7164422635,0.983908093496,3.67530254479,0.99569158916,11.0254889024,malvar,4.57645815855
